iteration,dataset,model,noise_model,Accuracy,Precision,Recall,F1,ROC AUC,Min number of executions,Avg number of executions,Max number of executions,Min number of valids,Max number of valids,Avg number of valids,Min number of invalids,Max number of invalids,Avg number of invalids,Classification time[s],Min time per forward pass[s],Avg time per forward pass[s],Max time per forward pass[s]
1,C,X,None,0.7543859649122807,0.7171717171717171,1.0,0.8352941176470589,0.9063216508352441,1024,1024.0,1024,1024,1024,1024.0,0,0,0.0,3.6322995660011657,0.008325900000272668,0.009987142885859756,0.021452200000567245
2,C,X,None,0.7543859649122807,0.7171717171717171,1.0,0.8352941176470589,0.9025548640681297,1024,1024.0,1024,1024,1024,1024.0,0,0,0.0,3.7903236639995157,0.008449900000414345,0.010371945552721803,0.03560199899948202
3,C,X,None,0.7456140350877193,0.71,1.0,0.8304093567251462,0.9118899443170652,1024,1024.0,1024,1024,1024,1024.0,0,0,0.0,3.5703152699989005,0.008484400001179893,0.009696108649063319,0.01664159999927506
4,C,X,None,0.7543859649122807,0.7171717171717171,1.0,0.8352941176470589,0.9046839174582378,1024,1024.0,1024,1024,1024,1024.0,0,0,0.0,3.716381669999464,0.00849969999944733,0.010083767464988213,0.01831039999888162
5,C,X,None,0.7543859649122807,0.7171717171717171,1.0,0.8352941176470589,0.9022273173927285,1024,1024.0,1024,1024,1024,1024.0,0,0,0.0,3.6782738759993663,0.008604900000136695,0.010066645543893651,0.013967299999421812
6,C,X,None,0.7543859649122807,0.7171717171717171,1.0,0.8352941176470589,0.9033737307566329,1024,1024.0,1024,1024,1024,1024.0,0,0,0.0,3.6518041799990897,0.00852850000046601,0.009981771859569116,0.014184899999236222
7,C,X,None,0.7631578947368421,0.7244897959183674,1.0,0.8402366863905325,0.8978054372748117,1024,1024.0,1024,1024,1024,1024.0,0,0,0.0,3.8836513820006076,0.00857700000051409,0.010450417491340073,0.014813900001172442
8,C,X,None,0.7456140350877193,0.71,1.0,0.8304093567251462,0.9050114641336391,1024,1024.0,1024,1024,1024,1024.0,0,0,0.0,3.6866228859998955,0.008594499999162508,0.009976878043792232,0.019741899999644374
9,C,X,None,0.7543859649122807,0.7171717171717171,1.0,0.8352941176470589,0.9077956108745496,1024,1024.0,1024,1024,1024,1024.0,0,0,0.0,3.8095417839995207,0.008661500000016531,0.010225336815860749,0.016015699999115895
10,C,X,None,0.7543859649122807,0.7171717171717171,1.0,0.8352941176470589,0.9064854241729445,1024,1024.0,1024,1024,1024,1024.0,0,0,0.0,3.6406651839988626,0.008544000000256347,0.009896841184216324,0.012500500000896864
11,C,X,None,0.7543859649122807,0.7171717171717171,1.0,0.8352941176470589,0.9113986243039633,1024,1024.0,1024,1024,1024,1024.0,0,0,0.0,3.717015783999159,0.008594799999627867,0.010223306087729662,0.01585200000045006
12,C,X,None,0.7543859649122807,0.7171717171717171,1.0,0.8352941176470589,0.9071405175237471,1024,1024.0,1024,1024,1024,1024.0,0,0,0.0,3.753631184999904,0.008633699999336386,0.010195623657956164,0.014155999999275082
13,C,X,None,0.7456140350877193,0.71,1.0,0.8304093567251462,0.9033737307566327,1024,1024.0,1024,1024,1024,1024.0,0,0,0.0,3.788433585999883,0.008461999999781256,0.010328712254401276,0.029130099999747472
14,C,X,None,0.7543859649122807,0.7171717171717171,1.0,0.8352941176470589,0.9063216508352441,1024,1024.0,1024,1024,1024,1024.0,0,0,0.0,3.795909290000054,0.008493999999700463,0.010186564868378985,0.01410059999943769
15,C,X,None,0.7456140350877193,0.71,1.0,0.8304093567251462,0.9079593842122502,1024,1024.0,1024,1024,1024,1024.0,0,0,0.0,3.669620290000239,0.008423900000707363,0.00989279912278506,0.012849599999753991
16,C,X,None,0.7543859649122807,0.7171717171717171,1.0,0.8352941176470589,0.9056665574844415,1024,1024.0,1024,1024,1024,1024.0,0,0,0.0,3.7765803920010512,0.008548800000426127,0.01031866226312878,0.020504499998423853
17,C,X,None,0.7543859649122807,0.7171717171717171,1.0,0.8352941176470589,0.9038650507697346,1024,1024.0,1024,1024,1024,1024.0,0,0,0.0,3.6670076930004143,0.008467699999528122,0.00993382105261525,0.01375940000070841
18,C,X,None,0.7543859649122807,0.7171717171717171,1.0,0.8352941176470589,0.9064854241729446,1024,1024.0,1024,1024,1024,1024.0,0,0,0.0,3.8009685010001704,0.008409500000198022,0.01019454472794965,0.017334300000584335
19,C,X,None,0.7456140350877193,0.71,1.0,0.8304093567251462,0.9005895840157223,1024,1024.0,1024,1024,1024,1024.0,0,0,0.0,3.6307586040002207,0.00850669999999809,0.009826004394693754,0.013175500000215834
20,C,X,None,0.7456140350877193,0.71,1.0,0.8304093567251462,0.9035375040943334,1024,1024.0,1024,1024,1024,1024.0,0,0,0.0,3.6522764999990613,0.0084513000001607,0.009828178947269376,0.017317100000582286
21,C,X,None,0.7456140350877193,0.71,1.0,0.8304093567251462,0.9084507042253521,1024,1024.0,1024,1024,1024,1024.0,0,0,0.0,3.7246129980012483,0.008511100000760052,0.0101104807018489,0.01820130000123754
22,C,X,None,0.7543859649122807,0.7171717171717171,1.0,0.8352941176470589,0.9058303308221421,1024,1024.0,1024,1024,1024,1024.0,0,0,0.0,3.6785134359997755,0.0085479999997915,0.009887486061463852,0.01523090100090485
23,C,X,None,0.7456140350877193,0.71,1.0,0.8304093567251462,0.9094333442515559,1024,1024.0,1024,1024,1024,1024.0,0,0,0.0,3.855208073999165,0.008702199998879223,0.01036321424566778,0.020890899999358226
24,C,X,None,0.7543859649122807,0.7171717171717171,1.0,0.8352941176470589,0.9053390108090403,1024,1024.0,1024,1024,1024,1024.0,0,0,0.0,3.814186592999249,0.008765800999753992,0.010260116114072286,0.015170799999395967
25,C,X,None,0.7456140350877193,0.71,1.0,0.8304093567251462,0.911562397641664,1024,1024.0,1024,1024,1024,1024.0,0,0,0.0,3.753766818999793,0.008591401001467602,0.010154024965008272,0.02387630100020033
1,C,X,Basic,0.6228070175438597,0.6228070175438597,1.0,0.7675675675675676,0.7671143137897151,1024,1024.0,1024,1024,1024,1024.0,0,0,0.0,7.813981049001086,0.0389777000000322,0.0458204412368599,0.09091410099972563
2,C,X,Basic,0.631578947368421,0.6283185840707964,1.0,0.7717391304347826,0.7911889944317065,1024,1024.0,1024,1024,1024,1024.0,0,0,0.0,7.890172375000475,0.04025800000090385,0.0462322328683417,0.06143830099972547
3,C,X,Basic,0.6228070175438597,0.6228070175438597,1.0,0.7675675675675676,0.7314117261709794,1024,1024.0,1024,1024,1024,1024.0,0,0,0.0,8.069707569000457,0.03993869999976596,0.047718075824616936,0.18797880100100883
4,C,X,Basic,0.6228070175438597,0.6228070175438597,1.0,0.7675675675675676,0.8011791680314445,1024,1024.0,1024,1024,1024,1024.0,0,0,0.0,7.8108910269984335,0.04042000099980214,0.04584035774549097,0.0600654999998369
5,C,X,Basic,0.631578947368421,0.6283185840707964,1.0,0.7717391304347826,0.8501473960039305,1024,1024.0,1024,1024,1024,1024.0,0,0,0.0,8.026933309000015,0.04011840099883557,0.046902293035185595,0.06748770400008652
6,C,X,Basic,0.6228070175438597,0.6228070175438597,1.0,0.7675675675675676,0.8321323288568621,1024,1024.0,1024,1024,1024,1024.0,0,0,0.0,8.433334002000265,0.03970440000011877,0.05002725207014647,0.14694470200083742
7,C,X,Basic,0.6228070175438597,0.6228070175438597,1.0,0.7675675675675676,0.7854569276121848,1024,1024.0,1024,1024,1024,1024.0,0,0,0.0,7.9679350559999875,0.040084500000375556,0.04663623192987998,0.06759360100113554
8,C,X,Basic,0.6228070175438597,0.6228070175438597,1.0,0.7675675675675676,0.8296757287913528,1024,1024.0,1024,1024,1024,1024.0,0,0,0.0,8.048880374000873,0.03971160100081761,0.04734232499116555,0.0632261999999173
9,C,X,Basic,0.631578947368421,0.6283185840707964,1.0,0.7717391304347826,0.7872584343268916,1024,1024.0,1024,1024,1024,1024.0,0,0,0.0,8.015312844001528,0.039862900999651174,0.047129553473655904,0.130797502999485
10,C,X,Basic,0.6228070175438597,0.6228070175438597,1.0,0.7675675675675676,0.7974123812643302,1024,1024.0,1024,1024,1024,1024.0,0,0,0.0,7.9493240940009855,0.0401129010006116,0.046567109236843464,0.08211280000068655
11,C,X,Basic,0.6228070175438597,0.6228070175438597,1.0,0.7675675675675676,0.7667867671143138,1024,1024.0,1024,1024,1024,1024.0,0,0,0.0,7.86715933800042,0.039779500000804546,0.04608228089467989,0.06311970000024303
12,C,X,Basic,0.6228070175438597,0.6228070175438597,1.0,0.7675675675675676,0.8236161152964298,1024,1024.0,1024,1024,1024,1024.0,0,0,0.0,8.02753723999922,0.04069070000150532,0.0473449171930106,0.13079150100020343
13,C,X,Basic,0.6228070175438597,0.6228070175438597,1.0,0.7675675675675676,0.7612184736324926,1024,1024.0,1024,1024,1024,1024.0,0,0,0.0,7.823727679999138,0.04016029900049034,0.04574694108767992,0.05836289999933797
14,C,X,Basic,0.6228070175438597,0.6228070175438597,1.0,0.7675675675675676,0.8134621683589911,1024,1024.0,1024,1024,1024,1024.0,0,0,0.0,7.948051545001363,0.040627099999255734,0.04663974242096932,0.06242310100060422
15,C,X,Basic,0.631578947368421,0.6283185840707964,1.0,0.7717391304347826,0.7993776613167376,1024,1024.0,1024,1024,1024,1024.0,0,0,0.0,8.046192198000426,0.04091210099977616,0.04693108189463888,0.13065390500014473
16,C,X,Basic,0.6228070175438597,0.6228070175438597,1.0,0.7675675675675676,0.7725188339338356,1024,1024.0,1024,1024,1024,1024.0,0,0,0.0,7.842455510999571,0.040053299999271985,0.04574570240334939,0.058014501999423373
17,C,X,Basic,0.6228070175438597,0.6228070175438597,1.0,0.7675675675675676,0.774975433999345,1024,1024.0,1024,1024,1024,1024.0,0,0,0.0,7.892627702000027,0.03999079999994137,0.046113828956039105,0.05808429999888176
18,C,X,Basic,0.6228070175438597,0.6228070175438597,1.0,0.7675675675675676,0.7749754339993449,1024,1024.0,1024,1024,1024,1024.0,0,0,0.0,8.095200203999411,0.0396850999986782,0.048086157929933586,0.13893279900003108
19,C,X,Basic,0.6228070175438597,0.6228070175438597,1.0,0.7675675675675676,0.7179823124795284,1024,1024.0,1024,1024,1024,1024.0,0,0,0.0,7.9474110920000385,0.039722100000290084,0.04665569115796212,0.05998799900044105
20,C,X,Basic,0.6228070175438597,0.6228070175438597,1.0,0.7675675675675676,0.8074025548640681,1024,1024.0,1024,1024,1024,1024.0,0,0,0.0,7.968533793000461,0.039407199999914155,0.04676240695609299,0.10005110000020068
21,C,X,Basic,0.6228070175438597,0.6228070175438597,1.0,0.7675675675675676,0.8370455289878808,1024,1024.0,1024,1024,1024,1024.0,0,0,0.0,8.197687502999543,0.039963600000191946,0.04862886230698917,0.13603370000055293
22,C,X,Basic,0.6228070175438597,0.6228070175438597,1.0,0.7675675675675676,0.8118244349819849,1024,1024.0,1024,1024,1024,1024.0,0,0,0.0,10.27788419999888,0.0451721000008547,0.061067567543942824,0.2504016999992018
23,C,X,Basic,0.6228070175438597,0.6228070175438597,1.0,0.7675675675675676,0.7813625941696691,1024,1024.0,1024,1024,1024,1024.0,0,0,0.0,13.33370586500132,0.04298279999966326,0.07767357814036427,0.21435059999930672
24,C,X,Basic,0.6228070175438597,0.6228070175438597,1.0,0.7675675675675676,0.7233868326236489,1024,1024.0,1024,1024,1024,1024.0,0,0,0.0,10.58460604299944,0.04525009800090629,0.06337939552639382,0.2593900930005475
25,C,X,Basic,0.6228070175438597,0.6228070175438597,1.0,0.7675675675675676,0.8003603013429414,1024,1024.0,1024,1024,1024,1024.0,0,0,0.0,10.98825837699951,0.04751369899895508,0.06550088294737004,0.15125729300052626
1,C,Y,None,0.8245614035087719,0.7865168539325843,0.9859154929577465,0.875,0.9749426793318048,1024,1024.0,1024,1024,1024,1024.0,0,0,0.0,5.135615670000334,0.008618600000772858,0.010278439570181052,0.054050102000474
2,C,Y,None,0.8421052631578947,0.8045977011494253,0.9859154929577465,0.8860759493670886,0.9687192924991812,1024,1024.0,1024,1024,1024,1024.0,0,0,0.0,5.2478854170003615,0.008735800000067684,0.010089587570243901,0.014220698998542503
3,C,Y,None,0.8421052631578947,0.8045977011494253,0.9859154929577465,0.8860759493670886,0.9734687192924991,1024,1024.0,1024,1024,1024,1024.0,0,0,0.0,5.121361203000561,0.008630301999801304,0.009890535105162263,0.014519003001623787
4,C,Y,None,0.8421052631578947,0.8045977011494253,0.9859154929577465,0.8860759493670886,0.9638060923681624,1024,1024.0,1024,1024,1024,1024.0,0,0,0.0,5.357344451000245,0.008707902001333423,0.010428024710643257,0.018521202999181696
5,C,Y,None,0.8333333333333334,0.7954545454545454,0.9859154929577465,0.8805031446540881,0.9729773992793972,1024,1024.0,1024,1024,1024,1024.0,0,0,0.0,5.463759959999152,0.008660603998578154,0.010606820903408413,0.023499008999351645
6,C,Y,None,0.8508771929824561,0.813953488372093,0.9859154929577465,0.89171974522293,0.971830985915493,1024,1024.0,1024,1024,1024,1024.0,0,0,0.0,5.618226322998453,0.008742531999814673,0.010763616535114763,0.023290609000468976
7,C,Y,None,0.8421052631578947,0.8045977011494253,0.9859154929577465,0.8860759493670886,0.9708483458892893,1024,1024.0,1024,1024,1024,1024.0,0,0,0.0,5.533705847999954,0.008772099999987404,0.010856986771885428,0.022580200000447803
8,C,Y,None,0.8245614035087719,0.7865168539325843,0.9859154929577465,0.875,0.9667540124467736,1024,1024.0,1024,1024,1024,1024.0,0,0,0.0,5.619168592000278,0.00872969999909401,0.010888487886069541,0.022374000000127126
9,C,Y,None,0.8596491228070176,0.8160919540229885,1.0,0.8987341772151899,0.9739600393056009,1024,1024.0,1024,1024,1024,1024.0,0,0,0.0,5.64641964600014,0.008837801999106887,0.01089349523676662,0.020650803999160416
10,C,Y,None,0.8421052631578947,0.8117647058823529,0.971830985915493,0.8846153846153846,0.9741238126433016,1024,1024.0,1024,1024,1024,1024.0,0,0,0.0,5.860105982999812,0.00871419900067849,0.011306139605295086,0.022506297998916125
11,C,Y,None,0.8333333333333334,0.7954545454545454,0.9859154929577465,0.8805031446540881,0.9667540124467737,1024,1024.0,1024,1024,1024,1024.0,0,0,0.0,5.847530273000302,0.008943700000600074,0.011200544982417788,0.020069698000952485
12,C,Y,None,0.8421052631578947,0.8045977011494253,0.9859154929577465,0.8860759493670886,0.9688830658368818,1024,1024.0,1024,1024,1024,1024.0,0,0,0.0,5.7616980469992995,0.009002300999782165,0.011089257280633447,0.02039450099982787
13,C,Y,None,0.8245614035087719,0.7865168539325843,0.9859154929577465,0.875,0.9688830658368818,1024,1024.0,1024,1024,1024,1024.0,0,0,0.0,6.884547642999678,0.008980399999927613,0.013672057675425446,0.061539502999949036
14,C,Y,None,0.8421052631578947,0.8045977011494253,0.9859154929577465,0.8860759493670886,0.9708483458892893,1024,1024.0,1024,1024,1024,1024.0,0,0,0.0,5.724719551000817,0.008928682000259869,0.010822372070099829,0.01976716200078954
15,C,Y,None,0.8508771929824561,0.8068181818181818,1.0,0.8930817610062893,0.9711758925646904,1024,1024.0,1024,1024,1024,1024.0,0,0,0.0,5.5104504709997855,0.008800999001323362,0.010452765578951298,0.01894199900016247
16,C,Y,None,0.8421052631578947,0.8045977011494253,0.9859154929577465,0.8860759493670886,0.9759253193580085,1024,1024.0,1024,1024,1024,1024.0,0,0,0.0,5.498170520000713,0.008746199999222881,0.010597648868481389,0.015650700999685796
17,C,Y,None,0.8333333333333334,0.7954545454545454,0.9859154929577465,0.8805031446540881,0.9620045856534556,1024,1024.0,1024,1024,1024,1024.0,0,0,0.0,5.461677258999771,0.008731904001251678,0.010519273719374292,0.01761950699983572
18,C,Y,None,0.8421052631578947,0.8045977011494253,0.9859154929577465,0.8860759493670886,0.9819849328529315,1024,1024.0,1024,1024,1024,1024.0,0,0,0.0,5.619375450000007,0.00870260400006373,0.010799203956147514,0.01975590099937108
19,C,Y,None,0.8421052631578947,0.8045977011494253,0.9859154929577465,0.8860759493670886,0.9726498526039961,1024,1024.0,1024,1024,1024,1024.0,0,0,0.0,5.639333451999846,0.009116000001085922,0.010960764991291956,0.017640999998548068
20,C,Y,None,0.8421052631578947,0.8045977011494253,0.9859154929577465,0.8860759493670886,0.9683917458237798,1024,1024.0,1024,1024,1024,1024.0,0,0,0.0,5.665867812000215,0.008871399999407004,0.010886945394735162,0.021448502000566805
21,C,Y,None,0.8421052631578947,0.8045977011494253,0.9859154929577465,0.8860759493670886,0.9706845725515886,1024,1024.0,1024,1024,1024,1024.0,0,0,0.0,5.612541144999341,0.009000199999718461,0.01063717481577585,0.013620800998978666
22,C,Y,None,0.8421052631578947,0.8045977011494253,0.9859154929577465,0.8860759493670886,0.9767441860465116,1024,1024.0,1024,1024,1024,1024.0,0,0,0.0,5.4630767020007625,0.008795300000201678,0.010489282464875845,0.014442499999859137
23,C,Y,None,0.8508771929824561,0.813953488372093,0.9859154929577465,0.89171974522293,0.9687192924991811,1024,1024.0,1024,1024,1024,1024.0,0,0,0.0,5.630425626999568,0.008916799999497016,0.010849963236914686,0.020177399999738554
24,C,Y,None,0.8245614035087719,0.7931034482758621,0.971830985915493,0.8734177215189873,0.9737962659679005,1024,1024.0,1024,1024,1024,1024.0,0,0,0.0,5.48535372600054,0.008945400000811787,0.010511105298224209,0.017636000000493368
25,C,Y,None,0.8245614035087719,0.7865168539325843,0.9859154929577465,0.875,0.9706845725515886,1024,1024.0,1024,1024,1024,1024.0,0,0,0.0,5.565752829999838,0.00897120000081486,0.010712603578962955,0.021563600999797927
1,C,Y,Basic,0.6228070175438597,0.6228070175438597,1.0,0.7675675675675676,0.8806092368162464,1024,1024.0,1024,1024,1024,1024.0,0,0,0.0,10.111459006000587,0.039175100000647944,0.05002581407892361,0.3469693980005104
2,C,Y,Basic,0.631578947368421,0.6283185840707964,1.0,0.7717391304347826,0.8442515558467081,1024,1024.0,1024,1024,1024,1024.0,0,0,0.0,9.660787106999123,0.04019410000000789,0.04660117587710581,0.05683349900027679
3,C,Y,Basic,0.6228070175438597,0.6228070175438597,1.0,0.7675675675675676,0.8388470357025876,1024,1024.0,1024,1024,1024,1024.0,0,0,0.0,9.628267920001235,0.039240199999767356,0.04630642987719687,0.059914600000411156
4,C,Y,Basic,0.6228070175438597,0.6228070175438597,1.0,0.7675675675675676,0.8345889289223715,1024,1024.0,1024,1024,1024,1024.0,0,0,0.0,9.507474755000658,0.03913449999890872,0.04610318833335457,0.07004369899914309
5,C,Y,Basic,0.6228070175438597,0.6228070175438597,1.0,0.7675675675675676,0.8219783819194236,1024,1024.0,1024,1024,1024,1024.0,0,0,0.0,9.47522014199967,0.03955800000039744,0.0458616845263398,0.14668470399919897
6,C,Y,Basic,0.6228070175438597,0.6228070175438597,1.0,0.7675675675675676,0.8478545692761218,1024,1024.0,1024,1024,1024,1024.0,0,0,0.0,10.290439993999826,0.040593600999272894,0.04939176981572433,0.09828740100056166
7,C,Y,Basic,0.6403508771929824,0.6339285714285714,1.0,0.7759562841530054,0.8748771699967245,1024,1024.0,1024,1024,1024,1024.0,0,0,0.0,9.794494391000626,0.03983980100019835,0.04801735921930167,0.17333110200161173
8,C,Y,Basic,0.6228070175438597,0.6228070175438597,1.0,0.7675675675675676,0.8503111693416312,1024,1024.0,1024,1024,1024,1024.0,0,0,0.0,9.731905927999833,0.03998240100008843,0.04733808573687463,0.09358330199938791
9,C,Y,Basic,0.6228070175438597,0.6228070175438597,1.0,0.7675675675675676,0.8684900098264002,1024,1024.0,1024,1024,1024,1024.0,0,0,0.0,9.632290288998774,0.04020620000119379,0.04624992233334125,0.0633174999984476
10,C,Y,Basic,0.631578947368421,0.6283185840707964,1.0,0.7717391304347826,0.8476907959384212,1024,1024.0,1024,1024,1024,1024.0,0,0,0.0,9.892096051999033,0.04028040099910868,0.04757784492978732,0.07102819799911231
11,C,Y,Basic,0.631578947368421,0.6283185840707964,1.0,0.7717391304347826,0.8445791025221094,1024,1024.0,1024,1024,1024,1024.0,0,0,0.0,9.8250205559998,0.03994680100004189,0.04763549705254072,0.1268986009999935
12,C,Y,Basic,0.6403508771929824,0.6339285714285714,1.0,0.7759562841530054,0.8603013429413692,1024,1024.0,1024,1024,1024,1024.0,0,0,0.0,9.675450929000363,0.03949929699956556,0.04661117357007147,0.0731616960001702
13,C,Y,Basic,0.6228070175438597,0.6228070175438597,1.0,0.7675675675675676,0.8214870619063216,1024,1024.0,1024,1024,1024,1024.0,0,0,0.0,9.693940142999054,0.04058219999933499,0.047067574693069776,0.13805419799973606
14,C,Y,Basic,0.631578947368421,0.6283185840707964,1.0,0.7717391304347826,0.8198493285293155,1024,1024.0,1024,1024,1024,1024.0,0,0,0.0,9.839577026999905,0.041289999999207794,0.04787706328076175,0.09287030000086816
15,C,Y,Basic,0.6228070175438597,0.6228070175438597,1.0,0.7675675675675676,0.8760235833606289,1024,1024.0,1024,1024,1024,1024.0,0,0,0.0,10.115672714999164,0.0427257000010286,0.04921492568415456,0.08630960399932519
16,C,Y,Basic,0.6228070175438597,0.6228070175438597,1.0,0.7675675675675676,0.8345889289223715,1024,1024.0,1024,1024,1024,1024.0,0,0,0.0,10.622176200000467,0.043119501999171916,0.0510693304385744,0.08602280199920642
17,C,Y,Basic,0.6228070175438597,0.6228070175438597,1.0,0.7675675675675676,0.8488372093023256,1024,1024.0,1024,1024,1024,1024.0,0,0,0.0,10.345157506999385,0.04543310000008205,0.05085154969312275,0.19928690400047344
18,C,Y,Basic,0.6228070175438597,0.6228070175438597,1.0,0.7675675675675676,0.8571896495250573,1024,1024.0,1024,1024,1024,1024.0,0,0,0.0,11.726990469998782,0.04527760000019043,0.05722510023685588,0.18493300099908083
19,C,Y,Basic,0.6228070175438597,0.6228070175438597,1.0,0.7675675675675676,0.80527350147396,1024,1024.0,1024,1024,1024,1024.0,0,0,0.0,11.057393652001338,0.0453562000002421,0.05428257919291418,0.19550200100093207
20,C,Y,Basic,0.6228070175438597,0.6228070175438597,1.0,0.7675675675675676,0.8460530625614151,1024,1024.0,1024,1024,1024,1024.0,0,0,0.0,9.995238134999454,0.044098499998654006,0.04845870457898982,0.07128510100119456
21,C,Y,Basic,0.631578947368421,0.6283185840707964,1.0,0.7717391304347826,0.8591549295774649,1024,1024.0,1024,1024,1024,1024.0,0,0,0.0,9.984780335000323,0.0416780010000366,0.048853606315931664,0.09989780000069004
22,C,Y,Basic,0.631578947368421,0.6283185840707964,1.0,0.7717391304347826,0.8449066491975106,1024,1024.0,1024,1024,1024,1024.0,0,0,0.0,10.07192442899941,0.0437898000000132,0.04955331070171572,0.19093230100043002
23,C,Y,Basic,0.6228070175438597,0.6228070175438597,1.0,0.7675675675675676,0.859482476252866,1024,1024.0,1024,1024,1024,1024.0,0,0,0.0,9.981804005999948,0.042545500000414904,0.048779240386019204,0.08750750000035623
24,C,Y,Basic,0.6228070175438597,0.6228070175438597,1.0,0.7675675675675676,0.8075663282017688,1024,1024.0,1024,1024,1024,1024.0,0,0,0.0,9.680962182999792,0.04090549900138285,0.04723562626316523,0.08137819999865314
25,C,Y,Basic,0.6228070175438597,0.6228070175438597,1.0,0.7675675675675676,0.853422862757943,1024,1024.0,1024,1024,1024,1024.0,0,0,0.0,10.04965823600105,0.04024480000043695,0.04903200015789416,0.131410001000404
1,C,Z,None,0.8947368421052632,0.8933333333333333,0.9436619718309859,0.9178082191780822,0.9649525057320668,128,128.0,128,4,40,21.75438596491228,88,124,106.24561403508773,2.0387781680001353,0.014635899999120738,0.01698701374561208,0.026628300998709165
2,C,Z,None,0.8947368421052632,0.8734177215189873,0.971830985915493,0.92,0.9490664919751065,128,128.0,128,3,40,21.5,88,125,106.5,2.0826754740010074,0.01462380099837901,0.017340156763167584,0.03150620100132073
3,C,Z,None,0.8947368421052632,0.8933333333333333,0.9436619718309859,0.9178082191780822,0.9620045856534556,128,128.0,128,3,128,22.640350877192983,0,125,105.35964912280701,1.9914490709998063,0.014591400999051984,0.016560315526173024,0.025955900999178994
4,C,Z,None,0.8947368421052632,0.8641975308641975,0.9859154929577465,0.9210526315789473,0.947101211922699,128,128.0,128,2,42,21.842105263157894,86,126,106.15789473684211,2.218022477998602,0.014324400999612408,0.0184684058859012,0.04807570200136979
5,C,Z,None,0.868421052631579,0.85,0.9577464788732394,0.9006622516556292,0.9446446118571896,128,128.0,128,1,43,21.45614035087719,85,127,106.54385964912281,2.1688821890002146,0.014864700999169145,0.01806886128068934,0.04807990299923404
6,C,Z,None,0.9035087719298246,0.9054054054054054,0.9436619718309859,0.9241379310344827,0.9724860792662955,128,128.0,128,1,39,21.37719298245614,89,127,106.62280701754386,2.1106166129993653,0.014271201000155997,0.01760486147363656,0.02588890100014396
7,C,Z,None,0.8596491228070176,0.8481012658227848,0.9436619718309859,0.8933333333333333,0.9534883720930233,128,128.0,128,2,39,21.67543859649123,89,126,106.32456140350877,1.9805823059996328,0.014468999999735388,0.016456200026225002,0.02260330099852581
8,C,Z,None,0.9122807017543859,0.9066666666666666,0.9577464788732394,0.9315068493150684,0.9462823452341959,128,128.0,128,1,43,21.614035087719298,85,127,106.3859649122807,2.076246111999353,0.014393400999324513,0.017310336043824225,0.043279802999677486
9,C,Z,None,0.8771929824561403,0.8701298701298701,0.9436619718309859,0.9054054054054054,0.9497215853259089,128,128.0,128,3,42,22.07894736842105,86,125,105.92105263157895,1.959286853998492,0.014487702001133584,0.01628101880701331,0.020138301000770298
10,C,Z,None,0.9122807017543859,0.9295774647887324,0.9295774647887324,0.9295774647887324,0.9554536521454308,128,128.0,128,4,44,22.359649122807017,84,124,105.64035087719299,1.9904129219994502,0.014363301999765099,0.016534296570107312,0.027671302999806358
11,C,Z,None,0.8859649122807017,0.881578947368421,0.9436619718309859,0.9115646258503401,0.9475925319358008,128,128.0,128,1,41,21.86842105263158,87,127,106.13157894736842,2.771752609000032,0.014389202000529622,0.023222196482477062,0.10088991100019484
12,C,Z,None,0.9210526315789473,0.8974358974358975,0.9859154929577465,0.9395973154362416,0.959711758925647,128,128.0,128,2,46,22.587719298245613,82,126,105.41228070175438,2.1056862349996663,0.014729202001035446,0.017491055456128123,0.04248850500152912
13,C,Z,None,0.9122807017543859,0.9066666666666666,0.9577464788732394,0.9315068493150684,0.9551261054700294,128,128.0,128,3,36,21.69298245614035,92,125,106.30701754385964,1.9475896680014557,0.014538302000801195,0.01619025401739412,0.01825180299965723
14,C,Z,None,0.9210526315789473,0.9078947368421053,0.971830985915493,0.9387755102040817,0.9420242384539796,128,128.0,128,3,42,21.94736842105263,86,125,106.05263157894737,1.965511278998747,0.014510302999042324,0.01633860056137979,0.028141804001279525
15,C,Z,None,0.9210526315789473,0.918918918918919,0.9577464788732394,0.9379310344827586,0.9659351457582706,128,128.0,128,2,43,22.95614035087719,85,126,105.04385964912281,2.1024873990008928,0.0143468030000804,0.017443829657854064,0.02612280399989686
16,C,Z,None,0.9122807017543859,0.9178082191780822,0.9436619718309859,0.9305555555555556,0.9598755322633474,128,128.0,128,3,40,21.912280701754387,88,125,106.08771929824562,1.9778709800011711,0.01438740199955646,0.01639280935959457,0.02058440299879294
17,C,Z,None,0.9298245614035088,0.92,0.971830985915493,0.9452054794520548,0.9621683589911563,128,128.0,128,5,45,22.219298245614034,83,123,105.78070175438596,1.9673263170006976,0.0145861649998551,0.016348236964851118,0.022507400000904454
18,C,Z,None,0.9122807017543859,0.8860759493670886,0.9859154929577465,0.9333333333333333,0.9613494923026531,128,128.0,128,1,128,22.587719298245613,0,127,105.41228070175438,2.0398224410000694,0.014553564999005175,0.016945327175467116,0.025813602000198443
19,C,Z,None,0.9122807017543859,0.8961038961038961,0.971830985915493,0.9324324324324325,0.9492302653128071,128,128.0,128,2,41,21.912280701754387,87,126,106.08771929824562,2.1456169220000447,0.01455620100023225,0.01779752207896404,0.03225030199973844
20,C,Z,None,0.868421052631579,0.8589743589743589,0.9436619718309859,0.8993288590604027,0.9536521454307239,128,128.0,128,3,43,22.035087719298247,85,125,105.96491228070175,2.039135115001045,0.014570101000572322,0.016945753596525736,0.023875502000009874
21,C,Z,None,0.8859649122807017,0.881578947368421,0.9436619718309859,0.9115646258503401,0.9613494923026531,128,128.0,128,1,40,22.06140350877193,88,127,105.93859649122807,1.9670374050001556,0.014565804000085336,0.016343841886019186,0.019378706001589308
22,C,Z,None,0.9122807017543859,0.9066666666666666,0.9577464788732394,0.9315068493150684,0.9400589584015722,128,128.0,128,3,44,21.464912280701753,84,125,106.53508771929825,1.9896490179999091,0.01477850499941269,0.016522021763066413,0.019314006000058725
23,C,Z,None,0.8771929824561403,0.8607594936708861,0.9577464788732394,0.9066666666666666,0.9474287585981003,128,128.0,128,3,40,21.93859649122807,88,125,106.06140350877193,1.9886211179982638,0.014456703998803277,0.016503730552629572,0.019872705999659956
24,C,Z,None,0.9035087719298246,0.8947368421052632,0.9577464788732394,0.9251700680272109,0.9380936783491648,128,128.0,128,2,45,21.649122807017545,83,126,106.35087719298245,2.1380247959987173,0.014667805000499357,0.017753546973660394,0.025609907999751158
25,C,Z,None,0.9122807017543859,0.9066666666666666,0.9577464788732394,0.9315068493150684,0.9554536521454307,128,128.0,128,3,42,22.263157894736842,86,125,105.73684210526316,2.0183472330008954,0.01439840999955777,0.016731887280672566,0.02246531600030721
1,C,Z,Basic,0.6403508771929824,0.6442307692307693,0.9436619718309859,0.7657142857142857,0.627906976744186,128,128.0,128,13,40,27.333333333333332,88,115,100.66666666666667,7.066609728000913,0.0458313029994315,0.060659740736905644,0.19122793600035948
2,C,Z,Basic,0.6403508771929824,0.6470588235294118,0.9295774647887324,0.7630057803468208,0.6835899115623977,128,128.0,128,16,38,27.87719298245614,90,112,100.12280701754386,6.377721147999182,0.046149602998411865,0.0547216380875972,0.08186160599871073
3,C,Z,Basic,0.7105263157894737,0.6979166666666666,0.9436619718309859,0.8023952095808383,0.7276449394038651,128,128.0,128,18,40,27.850877192982455,88,110,100.14912280701755,6.182278549998955,0.04506650199982687,0.053053794210491265,0.13811280500158318
4,C,Z,Basic,0.6228070175438597,0.64,0.9014084507042254,0.7485380116959064,0.6570586308548968,128,128.0,128,17,38,27.75438596491228,90,111,100.24561403508773,6.117230416999519,0.045589901999846916,0.05244653616663479,0.07976389400027983
5,C,Z,Basic,0.6140350877192983,0.6310679611650486,0.9154929577464789,0.7471264367816092,0.6485424172944645,128,128.0,128,16,43,27.596491228070175,85,112,100.40350877192982,6.209772488999079,0.04569769699992321,0.0532892850263587,0.07915630299976328
6,C,Z,Basic,0.6403508771929824,0.6530612244897959,0.9014084507042254,0.757396449704142,0.6333114968883067,128,128.0,128,15,38,27.49122807017544,90,113,100.50877192982456,6.301255020000099,0.04535690200100362,0.05405921156146003,0.13742340499993588
7,C,Z,Basic,0.6491228070175439,0.6476190476190476,0.9577464788732394,0.7727272727272727,0.7325581395348837,128,128.0,128,18,44,27.68421052631579,84,110,100.3157894736842,6.282414774999779,0.04587370199988072,0.0538941716666063,0.08746800299923052
8,C,Z,Basic,0.6578947368421053,0.6632653061224489,0.9154929577464789,0.7692307692307693,0.6490337373075663,128,128.0,128,15,42,26.87719298245614,86,113,101.12280701754386,6.226869770000121,0.0460645969997131,0.053460275192887104,0.06739969599948381
9,C,Z,Basic,0.6929824561403509,0.68,0.9577464788732394,0.7953216374269005,0.7165083524402227,128,128.0,128,18,39,27.50877192982456,89,110,100.49122807017544,6.361782820998997,0.04580319700107793,0.054584505526307975,0.13651308699991205
10,C,Z,Basic,0.6491228070175439,0.6631578947368421,0.8873239436619719,0.7590361445783133,0.656567310841795,128,128.0,128,16,43,27.666666666666668,85,112,100.33333333333333,6.277416725999501,0.0458294960008061,0.053871070535151694,0.06924389400046493
11,C,Z,Basic,0.6403508771929824,0.65,0.9154929577464789,0.7602339181286549,0.6737635113003604,128,128.0,128,20,43,27.93859649122807,85,108,100.06140350877193,6.355996649001099,0.045791894001013134,0.05453292075443435,0.09034818899999664
12,C,Z,Basic,0.7192982456140351,0.7096774193548387,0.9295774647887324,0.8048780487804879,0.733704552898788,128,128.0,128,19,41,27.614035087719298,87,109,100.3859649122807,6.312470602000758,0.044885801000418724,0.05418448548250142,0.1412532159993134
13,C,Z,Basic,0.6578947368421053,0.6632653061224489,0.9154929577464789,0.7692307692307693,0.6139862430396331,128,128.0,128,18,42,28.18421052631579,86,110,99.8157894736842,6.164179988998512,0.04561040099906677,0.05288994198253293,0.06858740100142313
14,C,Z,Basic,0.6754385964912281,0.67,0.9436619718309859,0.783625730994152,0.7173272191287258,128,128.0,128,12,38,27.105263157894736,90,116,100.89473684210526,6.583889554998677,0.04581229900031758,0.05652758033333508,0.13791219700033253
15,C,Z,Basic,0.7105263157894737,0.6979166666666666,0.9436619718309859,0.8023952095808383,0.80527350147396,128,128.0,128,17,43,27.81578947368421,85,111,100.1842105263158,6.19785336699897,0.04610840000168537,0.053122731298396515,0.06970169799933501
16,C,Z,Basic,0.6403508771929824,0.6442307692307693,0.9436619718309859,0.7657142857142857,0.5491320013101867,128,128.0,128,15,38,27.18421052631579,90,113,100.8157894736842,6.127148445000785,0.04554199999984121,0.05261187320181642,0.09271600100146316
17,C,Z,Basic,0.6403508771929824,0.65,0.9154929577464789,0.7602339181286549,0.61840812315755,128,128.0,128,18,40,27.55263157894737,88,110,100.44736842105263,6.217069141999673,0.045568400000775,0.05335484948245083,0.07446489999892947
18,C,Z,Basic,0.6666666666666666,0.6571428571428571,0.971830985915493,0.7840909090909091,0.5574844415329184,128,128.0,128,19,40,27.79824561403509,88,109,100.20175438596492,6.2895721919994685,0.045624502999999095,0.05400873235092213,0.13846750100128702
19,C,Z,Basic,0.6052631578947368,0.63,0.8873239436619719,0.7368421052631579,0.6554208974778906,128,128.0,128,15,43,27.614035087719298,85,113,100.3859649122807,6.15724884500014,0.046249003000411903,0.05282497927191,0.06742800500069279
20,C,Z,Basic,0.631578947368421,0.6464646464646465,0.9014084507042254,0.7529411764705882,0.6359318702915165,128,128.0,128,15,41,28.087719298245613,87,113,99.91228070175438,6.122229030999733,0.04618600100002368,0.052510249377168326,0.14487530299993523
21,C,Z,Basic,0.6929824561403509,0.6875,0.9295774647887324,0.7904191616766467,0.6803144448083852,128,128.0,128,16,40,27.92105263157895,88,112,100.07894736842105,6.332964064999032,0.04594160099986766,0.05433726194750259,0.08914560099947266
22,C,Z,Basic,0.6578947368421053,0.6666666666666666,0.9014084507042254,0.7664670658682635,0.6570586308548968,128,128.0,128,18,41,28.517543859649123,87,110,99.48245614035088,6.284033145000649,0.046349295998879825,0.053888839956064326,0.06920370099942375
23,C,Z,Basic,0.6491228070175439,0.6565656565656566,0.9154929577464789,0.7647058823529411,0.6755650180150672,128,128.0,128,16,41,27.596491228070175,87,112,100.40350877192982,6.3010667840007955,0.04599880100067821,0.054098955149161236,0.15235290199962037
24,C,Z,Basic,0.6929824561403509,0.6836734693877551,0.9436619718309859,0.7928994082840237,0.7106125122830003,128,128.0,128,13,38,27.50877192982456,90,115,100.49122807017544,6.140879171000051,0.046188700000129757,0.05269846200880828,0.06673390099967946
25,C,Z,Basic,0.631578947368421,0.6435643564356436,0.9154929577464789,0.7558139534883721,0.6963642319030462,128,128.0,128,12,43,27.17543859649123,85,116,100.82456140350877,6.246939821001433,0.04544730099951266,0.05363431245620488,0.07860980000077689
